APL,FCR,FDS,FDP,ED,EI,ECU,ECR
0.00114364779976105,0.0181034089993764,0.0739621647649345,0.00501843391556069,0.00334542743752021,0.11130460647211,0.0292875879739926,0.00373784775105909
0.00239202674560338,0.0190741997876292,0.078535075387284,0.00630845400110957,0.00386216713290338,0.12184069163121,0.032407503894753,0.00603682503261009
0.00361847368357077,0.0201306445782629,0.0827098218519498,0.00756159930195452,0.00439728555429604,0.133616930831197,0.0357162995926995,0.00827818674542609
0.00481405844148478,0.0212726176826272,0.0864436912044642,0.00876744340258604,0.00494821868364967,0.146610559458753,0.0392092264365655,0.0104483869284773
0.0059702087457161,0.0224992164124521,0.0896995119944319,0.00991608273194834,0.00551219883008911,0.160782967469081,0.0428800483867926,0.0125351631291602
0.00707883590881982,0.0238087032156589,0.0924463110299475,0.0109983025331695,0.00608627980904217,0.176079498795066,0.046720955394844,0.0145277227261466
0.00813244733403546,0.0251984475862282,0.094659812271901,0.01200572874503,0.00666736383015419,0.192429544720646,0.0507224635796493,0.0164168821919423
0.00912424408493538,0.0266648692848655,0.0963227674705433,0.01293096251618,0.00725222988046184,0.209746945952879,0.0548733072938204,0.0181951570971957
0.0100482027891206,0.0282033861572497,0.0974251206440301,0.013767695152245,0.00783756331546497,0.227930709032209,0.059160332987275,0.0198568041013464
0.0108991417047995,0.0298083712949036,0.097964017662507,0.0145108020529363,0.0084199861800023,0.246866032563994,0.0635684081810708,0.0213978183995018
0.011672770820785,0.0314731249301491,0.0979436761869522,0.0151564143764472,0.00899608768112024,0.266425627634165,0.0680803599254651,0.0228158908273069
0.0123657257033482,0.0331898660518416,0.0973751302287841,0.0157019669790527,0.00956245432768248,0.286471305947309,0.0726769558043518,0.0241103286629168
0.0129755848873129,0.0349497476424447,0.0962758609776635,0.0161462213007453,0.0101156994726656,0.306855800788046,0.0773369381624651,0.0252819442408849
0.0135008710261282,0.0367428983915844,0.0946693249384564,0.0164892626204738,0.010652492208872,0.327424781468049,0.0820371199673281,0.0263329161925809
0.0139410366166208,0.0385584928859339,0.092584392201012,0.0167324722539085,0.0111695856152858,0.348019021848564,0.0867525483189133,0.0272666291338306
0.0142964356866549,0.0403848513121664,0.0900547105483336,0.016878476374909,0.0116638441348425,0.368476686208857,0.0914567384505111,0.0280874985310641
0.0145682831529378,0.0422095684640363,0.0871180138161949,0.0169310737572955,0.0121322695698552,0.388635697347319,0.0961219770321913,0.0288007879812375
0.0147586034484481,0.0440196704368753,0.0838153945124989,0.0168951446515256,0.012572025149698,0.408336147382197,0.100719689245483,0.0294124260344353
0.0148701695924937,0.0458017961443633,0.0801905606052581,0.0167765427006549,0.0129804574267891,0.427422700232975,0.10522086035866,0.0299288288934671
0.0149064336068262,0.0475424000052655,0.076289094349394,0.0165819719751478,0.0133551161905789,0.44574692518465,0.109596500218458,0.0303567340328521
0.0148714493526231,0.049227971873761,0.0721577273945785,0.0163188519103188,0.0136937728447052,0.463169502669007,0.11381813847907,0.030703048476084
0.0147697893373815,0.0508452702092208,0.0678436426386566,0.0159951737353722,0.0139944375513122,0.479562256160204,0.117858339019701,0.0309747144272862
0.014606457510026,0.0523815639774718,0.0633938108112161,0.0156193524360548,0.0142553751408611,0.494809981297095,0.121691222545771,0.0311785940959249
0.014386800220231,0.053824877360898,0.0588543687675172,0.0152000781449707,0.01447511979517,0.50881205576872,0.125292985075246,0.0313213747741081
0.0141164172167245,0.0551642296813812,0.0542700464002159,0.0147461702863418,0.0146524888537326,0.521483812564682,0.128642396477439,0.031409494517224
0.013801074034655,0.0563898624667257,0.0496836491996819,0.0142664372913482,0.0147865963867738,0.53275764631254,0.131721260519305,0.0314490881885628
0.0134466168074894,0.0574934467761101,0.045135603073526,0.0137695443928565,0.0148768670697342,0.542583814543733,0.134514819126765,0.0314459531519002
0.0130588905371866,0.0584682660705862,0.0406635665677719,0.0132638917317922,0.0149230504992188,0.550930904962786,0.137012088425529,0.0314055333752577
0.012643662008236,0.059309371880487,0.0363021133706424,0.0127575046233754,0.0149252358979204,0.557785962019088,0.139206120036901,0.0313329198553549
0.012206548652481,0.0600137100283438,0.0320824859883471,0.0122579373309824,0.014883867246904,0.563154289860712,0.141094184892477,0.0312328640282386
0.0117529546137413,0.0605802139260965,0.0280324202557714,0.0117721911633364,0.0147997589188584,0.567058961633867,0.142677876147958,0.0311097998309706
0.0112880149348645,0.0610098602857484,0.0241760394381582,0.0113066472482775,0.0146741115796542,0.569540059328891,0.14396312413095,0.0309678699854152
0.0108165482722799,0.0613056833307023,0.0205338155728408,0.0108670139864446,0.0145085276280011,0.570653652264806,0.144960115023834,0.0308109528635783
0.0103430181192599,0.0614727460970309,0.0171225942423411,0.010458288898386,0.0143050251886475,0.570470516449064,0.14568310871093,0.0306426874913857
0.00987150236332522,0.0615180703928259,0.0139556774016527,0.010084734226822,0.0140660497433269,0.569074608698878,0.146150158162878,0.0304664952007255
0.0094056710486201,0.0614505289845716,0.0110429575924441,0.00974986520611848,0.0137944826101996,0.56656133075438,0.146382739613106,0.03028559653591
0.00894877231113479,0.0612807035231644,0.00839109613498206,0.00945644958254719,0.0134936453618958,0.563035637862473,0.146405306179937,0.0301030213153062
0.0085036264597739,0.0610207100978208,0.00600373764471537,0.00920651697285762,0.0131672988673579,0.558610052550422,0.146244775840878,0.0299216094065154
0.00807262799134152,0.0606839934357339,0.0038817531285615,0.00900137693128012,0.0128196353874241,0.553402632799887,0.145929961287606,0.0297440006710901
0.00765775496871181,0.0602850919376072,0.00202350375678754,0.0088416449440974,0.0124552623897843,0.547534925274045,0.145490949816909,0.0295726143603289
0.00726058485343932,0.0598393782347565,0.000425117509923529,0.00872727574373943,0.0120791773032221,0.541129926417019,0.144958446568298,0.0294096201283212
0.00688231574434539,0.0593627823869999,-0.000919228421357805,0.00865760320660623,0.011696732874123,0.53431008048708,0.144363100796789,0.0292569038804379
0.00652379202836199,0.058871505914129,-0.00201702560437181,0.00863138587260647,0.0113135928011575,0.52719535621911,0.143734838754292,0.0291160314781323
0.00618553360721116,0.0583817339208313,-0.00287715796154674,0.00864685712078672,0.0109356771786255,0.519901453847717,0.143102225767678,0.0289882125688921
0.00586776801044413,0.0579093505712207,-0.00350963572753733,0.00870177927094797,0.0105690975733928,0.512538194574249,0.142491875239088,0.0288742666064051
0.00557046473061461,0.0574696620127947,-0.00392534396680866,0.00879350117215157,0.0102200823313411,0.505208131724606,0.141927917735829,0.0287745935434865
0.00529337097352849,0.0570771311070764,-0.00413580905467474,0.00891901899923449,0.00989489351913347,0.498005400811277,0.141431541101943,0.0286891521477842
0.00503604784742676,0.0567451293078628,-0.0041529856788481,0.00907503988960882,0.00959973730777584,0.491014806433449,0.141020611403082,0.0286174489397438
0.00479790602845199,0.0564857118887314,-0.00398906628092532,0.00925804775239804,0.00934066955058685,0.484311134830729,0.140709383117316,0.0285585402372302
0.00457824015218161,0.0563094228081037,-0.00365631432856104,0.00946437030859427,0.00912349830273936,0.477958680815187,0.140508304858293,0.0285110488633269
0.00437626146863722,0.0562251344391848,-0.0031669221769138,0.00969024635089831,0.00895368537602728,0.472010982895366,0.140423924331461,0.0284731960177441
0.00419112851976226,0.056239925185663,-0.00253289363454868,0.00993189230926607,0.00883624948893701,0.466510766197276,0.140458893460695,0.0284428478209952
0.00402197565458427,0.0563589953626983,-0.00176595084588247,0.0101855673354042,0.00877567383427182,0.461490094394053,0.14061207131016,0.0284175750587274
0.00386793909106357,0.0565856197245483,-0.000877464634857764,0.0104476361083186,0.00877582079227145,0.456970724623669,0.140878717619216,0.0283947234930221
0.00372818010551819,0.0569211341134593,0.000121593079906873,0.0107146283193881,0.0088398561622163,0.452964642819201,0.141250763971777,0.0283714910114013
0.00360190490424784,0.0573649537704688,0.00122067665451607,0.0109832935085757,0.00897018487880583,0.449474740828702,0.141717146023998,0.0283450075381279
0.00348838080570165,0.0579146215315598,0.00240967601200603,0.0112506499106585,0.00916839976477108,0.446495592353832,0.142264180862363,0.0283124142654178
0.0033869484955861,0.0585658848832323,0.00367891015445152,0.0115140262688738,0.009435244423086,0.444014292774017,0.142875977459977,0.0282709399809022
0.00329703027965797,0.0593128009894132,0.00501910729429907,0.0117710959685951,0.00977059095290954,0.442011342476598,0.143534872814207,0.0282179733925838
0.00321813441365245,0.060147867712513,0.0064213741282276,0.0120199030369759,0.0101734327876655,0.440461566690439,0.144221888877403,0.0281511307282453
0.00314985568390916,0.0610621764960795,0.00787715698247656,0.0122588793984776,0.0106418925256865,0.439335069678202,0.144917203836292,0.0280683173086963
0.0030918723996045,0.062045581206402,0.00937819771616412,0.0124868526046821,0.0111732441766015,0.438598213196557,0.145600626493192,0.027967780979252
0.00304393989782194,0.06308687681356,0.0109164872129878,0.0127030435221529,0.0117639489153238,0.438214593471738,0.146252058763671,0.0278481551399658
0.00300588070873884,0.0641739830311643,0.0124842190585594,0.0129070541396678,0.0124097032734232,0.438145981158806,0.146851931513361,0.0277084897382819
0.00297757171930883,0.0652941300422791,0.0140737456870296,0.0130988463967738,0.0131054986633452,0.438353191493812,0.147381602613054,0.0275482696304587
0.00295892891332704,0.0664340453461174,0.0156775388615575,0.013278713349745,0.0138456911667757,0.438796864189734,0.147823711445605,0.0273674207937703
0.00294989042451059,0.0675801416369402,0.0172881559019619,0.01344724388556,0.014624080570875,0.439438148570962,0.148162489030126,0.0271663056054241
0.00295039865045809,0.0687187047482326,0.0188982126364782,0.013605281855229,0.0154339976323075,0.440239302175334,0.148384025149369,0.0269457084483483
0.00296038211891454,0.069836078529207,0.0205003635047146,0.0137538804022785,0.0162683983715429,0.441164214034858,0.148476491768739,0.0267068121989151
0.00297973778753771,0.0709188421294798,0.0220872886847796,0.0138942524787422,0.0171199637552815,0.442178854103178,0.148430317482623,0.0264511654140613
0.00300831447055326,0.0719539758416175,0.0236516879602988,0.0140277188825683,0.0179812026056806,0.443251635882612,0.148238305895525,0.0261806401209084
0.00304589804146609,0.0729290139262491,0.0251862814053296,0.0141556554516618,0.0188445554006974,0.44435367422218,0.147895693932654,0.0258973810407882
0.00309219895733891,0.0738321855623073,0.0266838175617132,0.0142794412115526,0.0197024969499181,0.445458928102232,0.147400152240234,0.0256037483276697
0.00314684255679393,0.0746525470129721,0.0281370901263498,0.0144004092267391,0.0205476365768667,0.446544233650494,0.14675173603275,0.0253022568481746
0.0032093625144082,0.0753801083319819,0.0295389638373443,0.0145198015846004,0.0213728151092959,0.447589248244198,0.145952798157745,0.0249955152000693
0.00327919774054852,0.07600595609123,0.0308824093817741,0.0146387293751394,0.0221711983533789,0.448576335398403,0.14500787501677,0.0246861669830748
0.00335569287504409,0.0765223705858423,0.0321605464836048,0.0147581379991479,0.0229363665629655,0.449490417126808,0.143923550959734,0.0243768358598734
0.00343810236446217,0.0769229336650387,0.033366694262426,0.0148787779205706,0.0236623987121155,0.450318805958653,0.142708301751023,0.0240700753101203
0.00352559795403783,0.0772026226770282,0.0344944283020646,0.0150011810800187,0.024343949592628,0.451051013323122,0.141372315848532,0.0237683237383413
0.00361727925138758,0.0773578867880964,0.0355376443120206,0.01512564345551,0.0249763174084853,0.451678525681838,0.139927293503928,0.0234738655611884
0.00371218683281265,0.0773867035920691,0.0364906285246071,0.0152522145137652,0.0255554997502204,0.452194545601019,0.138386226820462,0.023188798948188
0.00380931720492991,0.0772886157855258,0.0373481348427018,0.0153806943873557,0.0260782364983855,0.452593707290065,0.136763167400874,0.0229150109558291
0.00390763885996532,0.0770647489392633,0.0381054680843254,0.015510639436924,0.026542039110456,0.452871788886018,0.135072990444163,0.0226541607825688
0.00400610869905819,0.0767178111739542,0.0387585713760225,0.0156413763701781,0.0269452065529178,0.453025450598253,0.133331163469738,0.0224076716091269
0.00410368820565011,0.076252073446826,0.0393041141711853,0.0157720243821874,0.0272868284219809,0.453052023545406,0.131553523807531,0.0221767308094741
0.00419935882626058,0.0756733265816722,0.0397395763793773,0.0159015241265713,0.0275667753102007,0.452949358877956,0.12975606448272,0.0219622974301061
0.00429213598547576,0.0749888105064245,0.0400633242244198,0.0160286719328926,0.0277856757798852,0.452715730943656,0.127954726900989,0.0217651153322389
0.00438108114888875,0.0742071130272321,0.0402746745781679,0.0161521575840339,0.0279448793543176,0.452349782059864,0.126165201097304,0.0215857305190084
0.00446531152491144,0.0733380388770712,0.0403739460833885,0.0162706041236401,0.0280464058974252,0.451850499943333,0.124402738259147,0.0214245117052757
0.00454400731648836,0.0723924531820261,0.0403624965776364,0.0163826085027711,0.0280928831171964,0.451217227359637,0.122681983488266,0.0212816737682561
0.00461641670026933,0.0713821053251064,0.040242746402844,0.0164867822591477,0.0280874750560118,0.450449712197228,0.121016837530736,0.0211573040078853
0.0046818587752605,0.0703194385046373,0.0400181861435217,0.0165817916476087,0.0280338048070469,0.449548210744322,0.119420353622246,0.0210513909186928
0.00473972468899306,0.0692173879439213,0.0396933664997214,0.0166663964899153,0.0279358741298971,0.448513654001405,0.117904670471344,0.0209638544367995
0.00478947723363875,0.0680891691910022,0.0392738684594857,0.0167394865095784,0.0277979815458794,0.44734787428282,0.116480977419865,0.0208945758140206
0.00483064938569317,0.0669480583918038,0.0387662534650942,0.0168001135533289,0.0276246396572999,0.446053870665559,0.11515950490173,0.0208434249012111
0.00486284236650683,0.065807168188565,0.0381779950615741,0.0168475182895422,0.0274204921630461,0.444636077916119,0.113949532490836,0.0208102828026153
0.00488572373427867,0.0646792249554846,0.0375173947270236,0.0168811506468395,0.0271902312116065,0.443100601609327,0.11285940761561,0.020795058450376
0.0048990258923186,0.0635763545021781,0.0367934845918358,0.0169006841032948,0.0269385161611787,0.44145539149442,0.111896569952028,0.0207976984104172
0.00490254535229588,0.0625098834366726,0.0360159186529749,0.0169060246055594,0.0266698953146312,0.439710341216686,0.111067578897895,0.0208181898523852
0.00489614309489621,0.0614901617561756,0.035194853050725,0.0168973151008283,0.0263887325229702,0.437877318756523,0.110378143198953,0.020856556740178
0.0048797463335235,0.06052640960862,0.0343408159725742,0.0168749363046858,0.0260991404105701,0.435970141026256,0.10983315119921,0.0209128488583554
0.00485335185915498,0.0596265891635084,0.0334645686476683,0.016839503690516,0.0258049212173699,0.434004502184826,0.109436697136809,0.0209871229652089
0.00481703092806696,0.0587973019177032,0.0325769600709779,0.0167918602593018,0.0255095153327015,0.431997851592647,0.109192096713835,0.0210794158611531
0.00477093540418326,0.0580437121701907,0.0316887788603433,0.0167330645981102,0.0252159572679171,0.429969208432582,0.109101887007981,0.0211897103689333
0.0047153046620355,0.057369498180406,0.0308106054671523,0.016664373967731,0.0249268392206543,0.427938904311605,0.10916781104644,0.0213178965445038
0.00465047263962697,0.0567768330934881,0.0299526669635211,0.0165872225476515,0.0246442831599802,0.425928258987911,0.109390793376785,0.0214637312288754
0.00457687441479409,0.0562663976506465,0.0291246958579824,0.0165031953819025,0.0243699230478185,0.423959210492721,0.109770916981646,0.0216267989611655
0.00449505174682544,0.055837425741967,0.0283357945082176,0.0164139988695293,0.024104899026954,0.42205393285159,0.11030741208378,0.0218064766730824
0.0044056571214188,0.055487781891086,0.0275943073383788,0.016321428664733,0.023849864948926,0.420234477963932,0.110998663979242,0.0220019042340916
0.00430945587272782,0.0552140671335484,0.0269077034896552,0.0162273354771399,0.0236050096051505,0.418522470923247,0.111842242628473,0.022211962937226
0.004207325877898,0.0550117475119029,0.026282472180721,0.0161335886946598,0.0233700909400809,0.416938871443076,0.112834953442608,0.0224352640318028
0.00410025424244856,0.0548752983847855,0.0257240322205143,0.0160420375218256,0.0231444817238924,0.415503795228344,0.113972906374423,0.0226701490914115
0.00398933049793314,0.0547983580210376,0.0252366566945095,0.0159544696859173,0.022927224652968,0.414236376446077,0.115251598538518,0.0229147032608573
0.00387573611733896,0.0547738852245624,0.0248234139107206,0.0158725685342378,0.0227170945851364,0.413154648434722,0.116666004261194,0.0231667814152738
0.00376073047775785,0.0547943174832691,0.0244861255518737,0.0157978701576058,0.0225126656159285,0.412275423449129,0.118210666213231,0.0234240463040701
0.00364563359874589,0.054851727657058,0.0242253423273316,0.0157317226224776,0.022312380960321,0.411614161468872,0.119879782435231,0.0236840171281584
0.00353180599568077,0.0549379777502457,0.0240403369247653,0.0156752492463448,0.0221146240090831,0.411184829680994,0.121667286190078,0.0239441267764382
0.00342062596770177,0.0550448673396782,0.0239291142244541,0.0156293173599871,0.0219177892124697,0.410999763723781,0.123566917237232,0.0242017858792223
0.00331346476004872,0.055164272451428,0.0238884390817312,0.0155945136752916,0.0217203512681313,0.411069543945951,0.12557228236732,0.0244544514832011
0.0032116602545252,0.0552882699711057,0.0239138818133424,0.0155711272777983,0.0215209304522678,0.411402891289113,0.127676899725041,0.0246996974639393
0.00311649000926289,0.0554092439100997,0.0239998808967802,0.015559141118329,0.0213183515225524,0.412006573109724,0.129874219376445,0.0249352835151091
0.00302914449543275,0.055519972486548,0.0241398221215907,0.0155582324980938,0.0211116940018195,0.412885302037262,0.132157614959754,0.0251592202167731
0.00295070129695145,0.0556136979310657,0.0243261337648083,0.0155677824393654,0.0209003326667737,0.414041615892488,0.134520347251466,0.0253698289806778
0.00288210097503133,0.0556841830528576,0.0245503978226617,0.0155868931849423,0.0206839682396442,0.415475739797947,0.136955507287949,0.0255657969267207
0.00282412528854046,0.0557257590490465,0.0248034774194883,0.0156144125936541,0.020462649143293,0.417185446594855,0.139455951431872,0.0257462273351275
0.00277737844631922,0.0557333676394297,0.0250756599905749,0.0156489640216154,0.0202367854108017,0.419165942748028,0.14201424144193,0.0259106859611454
0.00274227199945356,0.0557025983936016,0.0253568147995503,0.0156889803371608,0.0200071553721857,0.421409809894649,0.144622598872857,0.0260592425904515
0.00271901385524398,0.0556297205244797,0.0256365622654609,0.0157327407539612,0.019774904962042,0.423907024866396,0.147272877448705,0.0261925065158824
0.00270760174556073,0.055511707811366,0.0259044518540276,0.0157784089035451,0.0195415390111487,0.426645064587238,0.149956552711803,0.0263116543638211
0.00270782133550634,0.0553462554080178,0.0261501450201415,0.0158240701742505,0.0193089039070309,0.429609084146425,0.152664726113854,0.0264184487271738
0.00271924900913698,0.0551317878400577,0.0263635997943324,0.015867766414703,0.0190791614120032,0.432782144985112,0.155388140294013,0.0265152462474772
0.0027412592177317,0.0548674583217352,0.0265352538871299,0.0159075268257901,0.0188547540291643,0.436145467819122,0.158117203189308,0.0266049940995958
0.00277303613975284,0.05455314039335,0.0266562033089637,0.0159413949054658,0.0186383629151746,0.439678690301231,0.160842020514775,0.0266912142347377
0.00281358929999855,0.0541894134176634,0.0267183731026605,0.0159674521535276,0.018432859755456,0.443360119825694,0.16355243836956,0.0267779750805242
0.00286177273211498,0.053777543156919,0.0267146759459508,0.0159838394744147,0.0182412540466732,0.447166983371232,0.166238098963427,0.0268698503723756
0.00291630721870923,0.053319457135212,0.0266391539342198,0.0159887768729367,0.0180666367756369,0.451075683832338,0.168888510891923,0.0269718641729245
0.00297580506601549,0.0528177125200791,0.0264870993745937,0.0159805817061731,0.0179121208535392,0.455062070536193,0.171493130375922,0.0270894204461798
0.00303879677450448,0.0522754534226172,0.026255151670532,0.0159576857815701,0.0177807784566626,0.459101718828225,0.174041444932079,0.027228215764874
0.0031037589314903,0.0516963553872004,0.0259413686785143,0.0159186517947068,0.0176755758361949,0.463170198902427,0.176523050592611,0.0273941350543861
0.00316914270428855,0.0510845568654887,0.0255452715142069,0.0158621897304656,0.0175993069588732,0.467243310258786,0.17892771836326,0.0275931321637907
0.00323340238883299,0.0504445797401501,0.0250678614837375,0.0157871738062627,0.0175545281474585,0.471297267371788,0.181245452486851,0.0278310986776953
0.00329502347898201,0.0497812426034657,0.0245116076577427,0.0156926603497372,0.017543496337591,0.475308838726557,0.183466548945566,0.028113725007891
0.00335254966163264,0.0490995708461709,0.0238804045655922,0.01557790674971,0.0175681134308223,0.47925545775698,0.185581664593176,0.0284463573434596
0.00340460813702724,0.0484047064484618,0.0231795012512215,0.0154423913079928,0.0176298785994503,0.483115333209351,0.187581903877262,0.0288338534437827
0.00344993277844755,0.0477018184678548,0.0224154045703053,0.0152858333602246,0.0177298497303281,0.48686758285571,0.189458922979442,0.0292804403600083
0.00348738480573061,0.0469960140643658,0.0215957602997452,0.0151082124163047,0.0178686147585767,0.490492398534525,0.19120504509861,0.0297895777913059
0.0035159707322336,0.0462922500800887,0.0207292153503596,0.0149097846294843,0.0180462733620546,0.493971232464985,0.192813378251985,0.0303638314187157
0.00353485731236935,0.0455952463360871,0.0198252641534925,0.0146910949755624,0.0182624292401566,0.497286985976613,0.194277927990062,0.0310047608594649
0.00354338319597518,0.0449094032848379,0.0188940827894392,0.0144529840632059,0.0185161929497062,0.500424183906794,0.195593700631034,0.0317128267227575
0.00354106710773271,0.0442387277938705,0.0179463552300966,0.0141965892038492,0.0188061950500671,0.503369127332681,0.196756796610847,0.0324873206524122
0.00352761256284492,0.0435867710965501,0.0169930965270309,0.013923339877864,0.019130609160861,0.50611002914293,0.197764496509112,0.0333263212600061
0.00350290927837359,0.0429565820490024,0.0160454775451408,0.0136349477632284,0.0194871844393201,0.508637145687738,0.19861534206051,0.0342266774904828
0.0034670314526253,0.0423506770036412,0.0151146551382175,0.0133333911077487,0.0198732868162429,0.510942917666708,0.199309209544261,0.0351840194099838
0.00342023300513666,0.0417710257610354,0.0142116109694254,0.0130208929291132,0.0202859478941299,0.513022120959583,0.199847366126014,0.0361927951806406
0.00336293984592854,0.0412190519693525,0.0133470015566755,0.012699892662448,0.0207219196948837,0.514872009197511,0.200232497018366,0.0372463324448608
0.003295739328176,0.0406956460790798,0.012531021411046,0.0123730113513218,0.021177732892177,0.51649241907306,0.200468694798363,0.0383369224389387
0.00321936717404916,0.0402011893099324,0.0117732804353802,0.0120430110621358,0.0216497561951354,0.517885813223255,0.200561409597055,0.0394559256104511
0.00313469227035827,0.0397355877416096,0.0110826962065137,0.0117127496631285,0.022134255120548,0.519057250119346,0.200517366483462,0.0405938979352339
0.00304269974668823,0.0392983162237366,0.0104674012771066,0.0113851322560829,0.0226274491854689,0.520014288052893,0.200344460596968,0.0417407371299278
0.00294447266812565,0.0388884719060394,0.00993466510158391,0.0110630603103571,0.0231255671759949,0.520766842400322,0.200051638944942,0.0428858472337425
0.00284117259291058,0.038504836473566,0.00949082979082708,0.0107493791715524,0.0236249002413511,0.5213270144135,0.199648771074302,0.0440183185149177
0.00273401925651015,0.0381459446980083,0.00914125883475139,0.0104468245088733,0.0241218520032663,0.521708894743701,0.199146504542922,0.0451271178540702
0.0026242697334882,0.0378101555789056,0.00889029814395926,0.0101579685177232,0.0246129841264663,0.521928328144723,0.19855609968881,0.046201283541366
0.00251319752559464,0.0374957220510392,0.00874124904195894,0.00988516712795228,0.0250950555644463,0.522002621527619,0.197889241382225,0.0472301182167209
0.00240207205772464,0.0372008560361613,0.00869635295878398,0.00963050984090835,0.0255650541449409,0.521950186914995,0.197157831113931,0.0482033744393645
0.00229213900758093,0.036923787044823,0.00875678742839457,0.00939577392246855,0.0260202200519132,0.52179012745558,0.196373768404826,0.0491114287824771
0.00218460181066538,0.0366628138858331,0.0089226727977138,0.00918238445034436,0.0264580617089057,0.521541790473837,0.195548733488592,0.0499454418299944
0.0020806046378281,0.0364163495754682,0.00919308911566043,0.00899138135483436,0.0268763651190295,0.521224318648803,0.194693981280728,0.0506975022098424
0.00198121712111452,0.0361829589006706,0.00956610291674485,0.00882339434864728,0.0272731975014793,0.5208562232333,0.19382015018839,0.0513607521813089
0.00188742105651363,0.035961387082759,0.010038803740411,0.0086786264932468,0.0276469052966349,0.52045498511453,0.192937083562421,0.0519294908824595
0.00180009922488443,0.0357505779300995,0.0106073500865581,0.00855684696731658,0.0279961062032117,0.520036675605784,0.19205366109446,0.0523992509577662
0.00172002637409207,0.0355496809691106,0.0112670243514967,0.00845739333343878,0.0283196753442489,0.51961558894772,0.191177641646287,0.0527668457316234
0.00164786231322882,0.0353580486425565,0.012012296290939,0.00837918328428244,0.028616726631652,0.519203889792659,0.190315524896816,0.0530303867192246
0.00158414698991141,0.0351752259387868,0.0128368944917796,0.00832073557510542,0.02888659135319,0.518811293968372,0.189472443650374,0.0531892739133967
0.00152929738646549,0.0350009350875428,0.0137338850530903,0.00828019966971719,0.0291287964260224,0.518444811732896,0.188652099171486,0.0532441628020136
0.0014836060892662,0.0348350570950573,0.0146957564519266,0.00825539351731523,0.0293430443418402,0.518108582984845,0.187856747351105,0.0531969117327546
0.00144724142243967,0.03467761077596,0.0157145096369653,0.00824384873942935,0.0295291957538973,0.517803820480647,0.18708723561499,0.0530505115845926
0.0014202490450409,0.0345287295921767,0.0167817525962011,0.00824286224232823,0.0296872546675179,0.517528856375854,0.186343083832908,0.0528089985219505
0.00140255488068876,0.0343886370795216,0.017888798654869,0.00824955293260937,0.0298173557980891,0.517279272992867,0.185622599789973,0.0524773508406684
0.00139396923573446,0.0342576224710966,0.0190267673973478,0.00826092198672683,0.029919753805059,0.51704809664814,0.184923020717994,0.0520613721668015
0.00139419200327604,0.0341360188241983,0.0201866866989159,0.00827391507702629,0.0299948145652151,0.516826040878598,0.184240675653987,0.0515675647984023
0.0014028189203642,0.034024186114463,0.0213595943457107,0.00828548503135258,0.030043009134158,0.516601797094412,0.183571167232164,0.0510029980852722
0.00141934890110074,0.0339225011055053,0.0225366380295836,0.00829265353527654,0.0300649112342885,0.516362380356535,0.182909573713154,0.0503751768367099
0.00144319247768934,0.0338313544681249,0.0237091726755334,0.00829257062806918,0.0300611986752198,0.516093539274864,0.182250670344652,0.0496919135186071
0.0014736813434486,0.0337511543715695,0.0248688537118678,0.00828257084174816,0.0300326580890122,0.515780227627467,0.181589163303169,0.0489612059973632
0.00151007894339141,0.0336823352037966,0.0260077243058551,0.00826022479928307,0.0299801915188879,0.515407116079367,0.180919924011441,0.0481911211976569
0.00155159203106156,0.0336253701385637,0.0271182944946667,0.00822338488307167,0.0299048234237912,0.514959110000831,0.180238211203084,0.0473896849406555
0.00159738309834559,0.0335807866513079,0.0281936106711525,0.00817022343020878,0.0298077074377703,0.514421841431799,0.179539872506467,0.0465647790647974
0.00164658356534745,0.0335491845007053,0.0292273145203177,0.00809926212115976,0.0296901332150719,0.513782116182807,0.178821523708311,0.0457240480091396
0.00169830757191507,0.0335312558894666,0.0302136905805854,0.00800939182096873,0.0295535343056404,0.513028313428632,0.178080708995847,0.0448748176461273
0.00175166615159054,0.0335278072526417,0.0311477009811854,0.00789988286417277,0.029399497808073,0.512150746739437,0.17731604659899,0.0440240287292695
0.00180578152890753,0.0335397811997149,0.0320250054982051,0.00777038631115449,0.0292297755584808,0.511141995095277,0.176527360179121,0.0431781857840038
0.00185980127001239,0.033568275827202,0.0328419656908721,0.0076209268316099,0.0290462955426442,0.509997198188245,0.175715789825397,0.0423433204717362
0.00191291200457757,0.0336145578249696,0.0335956332844575,0.00745188780364851,0.028851171743542,0.508714293281943,0.174883873006054,0.0415249674807197
0.00196435239494362,0.0336800660832411,0.0342837243652365,0.00726398937189843,0.0286467108039903,0.507294165904522,0.174035587241836,0.0407281510352967
0.00201342498463959,0.0337664036900817,0.0349045815097281,0.00705826059902863,0.0284354144616252,0.505740696020545,0.173176351175627,0.0399573807988026
0.00205950657596064,0.0338753177283164,0.0354571253934908,0.00683600719870393,0.0282199774071887,0.504060698730435,0.172312986587854,0.0392166567787215
0.00210205687111583,0.0340086674058562,0.0359407966563532,0.00659877642700342,0.0280032806752702,0.502263775322053,0.171453647904184,0.0385094832816787
0.00214062520912412,0.034168381139767,0.0363554889743606,0.00634832052365162,0.0277883805266507,0.500362097947859,0.170607725291488,0.0378388915214026
0.00217485527148153,0.0343564024140397,0.0367014753781987,0.00608655983766869,0.0275784919684673,0.498370143727187,0.169785722487188,0.0372074691823507
0.00220448761177542,0.0345746238424719,0.0369793312194382,0.00581554654507725,0.0273769653381359,0.496304377412389,0.168999105887094,0.0366173941220006
0.00222935989152269,0.0348248097333346,0.0371898581612536,0.00553742960821085,0.027187254560517,0.494182872350777,0.168260121651096,0.0360704693875945
0.0022494048319074,0.0351085091573537,0.037334013666389,0.00525442138596024,0.0270128767242743,0.492024864770366,0.167581582150301,0.0355681577020612
0.00226464605746841,0.0354269631445115,0.037412849499291,0.00496876616932998,0.0268573639411164,0.489850251363257,0.166976629028312,0.0351116148880442
0.00227519211627079,0.0357810102895865,0.037427461281218,0.00468271082025581,0.0267242093826074,0.487679056001824,0.166458484353005,0.0347017226347542
0.0022812289655999,0.0361709944543388,0.0373789500806724,0.00439847753447284,0.0266168094323125,0.485530899713692,0.166040201339563,0.0343391210049092
0.00228301118786522,0.0365966774064332,0.0372683966668515,0.00411823859991371,0.0265384031461088,0.48342450282528,0.165734421405509,0.0340242400794197
0.00228085224293226,0.0370571592829948,0.0370968490805901,0.0038440930234891,0.0264920095689849,0.481377231413951,0.165553138281379,0.0337573290484521
0.00227511415171086,0.0375508105979863,0.0368653242035044,0.00357804503317315,0.0264803635363789,0.479404685106198,0.165507467111806,0.0335384808500901
0.00226619706992269,0.0380752203406186,0.0365748238057981,0.00332198459889148,0.0265058512244867,0.477520319950599,0.165607417802884,0.0333676511653702
0.00225452920034077,0.0386271648024611,0.0362263650931456,0.00307767013855645,0.0265704474816515,0.475735107164225,0.165861675675434,0.0332446717194374
0.00224055741176825,0.0392026007913804,0.0358210251003909,0.00284671348974101,0.0266756574749135,0.474057239940005,0.166277396516757,0.0331692588369331
0.0022247388368509,0.0397966852051171,0.0353599973542531,0.00263056717010318,0.0268224651155909,0.472491909454175,0.16686002495409,0.0331410185191123
0.00220753363316228,0.0404038212898834,0.0348446578974275,0.00243051397788262,0.0270112899731961,0.471041171378589,0.167613142730368,0.0331594486627316
0.00218939899551757,0.0410177305672376,0.0342766361971569,0.00224765901679962,0.027241953335737,0.469703912258269,0.168538347821673,0.0332239379060449
0.00217078439472881,0.0416315483143402,0.03365788543027,0.00208292419328546,0.0275136534193432,0.468475907616084,0.169635161223361,0.0333337600268717
0.00215212790822745,0.042237939672366,0.0329907467079435,0.00193704516708246,0.0278249497028762,0.467349954131403,0.170900958734195,0.0334880632299293
0.00213385343314819,0.042829233051478,0.0322780028736233,0.00181057071901254,0.0281737567596475,0.466316061313174,0.172330928957875,0.0336858546982437
0.0021163685540555,0.0433975674804073,0.031522919079169,0.00170386451282384,0.0285573484504266,0.465361699013819,0.173918063181087,0.0339259818760225
0.00210006286782652,0.0439350506052475,0.0307292687182295,0.00161710920761607,0.0289723735790075,0.464472108526071,0.175653184938449,0.0342071125125143
0.00208530660714252,0.0444339236002277,0.0299013437685306,0.00155031281951197,0.0294148837794788,0.463630689633412,0.177525024888432,0.0345277151067446
0.00207244939992525,0.0448867279735025,0.0290439480309936,0.00150331719111183,0.0298803734350137,0.46281946878342,0.17952034045424,0.0348860402540186
0.00206181895751373,0.0452864679601,0.0281623712489945,0.00147580841950288,0.0303638303434294,0.462019636556975,0.181624073641673,0.0352801025047491
0.00205371948431683,0.045626762166337,0.0272623427630095,0.00146732908523667,0.0308597953192546,0.461212127789013,0.183819538261737,0.035707662359057
0.00204842969240176,0.0459019795290419,0.0263499650548508,0.00147729208741452,0.0313624290763083,0.460378214185097,0.186088629529942,0.036166208760773
0.00204620044451093,0.0461073567836037,0.0254316294510336,0.00150499582447014,0.0318655853192528,0.459500086098087,0.188412052934818,0.0366529434375145
0.00204725216852111,0.0462390965426224,0.0245139175396776,0.00154964038806273,0.0323628896159745,0.458561412010487,0.190769572956699,0.0371647691179125
0.00205177223017521,0.0462944458623862,0.0236034919985446,0.00161034436939958,0.0328478238938113,0.457547874778741,0.193140282953273,0.037698283545046
0.00205991241194712,0.0462717544132075,0.0227069799408365,0.00168616183597999,0.0333138159237874,0.456447686252952,0.195502893479877,0.0382497801563112
0.00207178658629914,0.0461705100495824,0.0218308516733498,0.00177609905758448,0.0337543320707885,0.455252072349448,0.197836029926419,0.0388152550807253
0.00208746865036158,0.0459913493631896,0.0209812982621834,0.00187913063952289,0.0341629708248639,0.453955704808449,0.200118527503698,0.0393904197185207
0.00210699080080341,0.0457360420863,0.0201641119903076,0.00199421480500846,0.0345335548234129,0.452557048123547,0.202329714370971,0.0399707187113579
0.0021303422449873,0.0454074503257414,0.0193845740832194,0.00212030759628509,0.0348602200056884,0.451058596421322,0.204449679747463,0.0405513540691431
0.00215746845012832,0.0450094656524169,0.0186473536942179,0.00225637576911815,0.035137501618775,0.449466990701922,0.206459529540818,0.0411273169464552
0.00218827102197516,0.0445469282423285,0.017956421303504,0.00240140824077844,0.035360417388199,0.447793023532606,0.208341633795304,0.0416934284901659
0.00222260828171198,0.044025532040001,0.0173149789104385,0.00255442612190829,0.0355245478146369,0.446051547393522,0.210079866156074,0.0422443900623823
0.00226029657722391,0.0434517184591683,0.0167254088442509,0.00271449152686268,0.0356261123742835,0.444261298398208,0.211659828380488,0.0427748415408082
0.00230111231937628,0.0428325596654863,0.0161892425308465,0.00288071542401052,0.03566203933528,0.442444632740721,0.213069049010735,0.0432794253796167
0.00234479466466012,0.0421756320805419,0.0157071500052166,0.00305226474995023,0.0356300267212886,0.4406271636338,0.214297147027004,0.0437528540685926
0.00239104867216023,0.041488881409611,0.0152789503095568,0.00322836896376165,0.0355285925921253,0.438837289992639,0.215335956724808,0.0441899792891881
0.00243954868822638,0.0407804817390844,0.0149036421655002,0.00340832620678843,0.0353571138368413,0.437105621148963,0.216179616001308,0.0445858619425362
0.00248994170781793,0.0400586924653265,0.014579453472148,0.00359150920795422,0.0351158535485313,0.435464316907588,0.216824623236611,0.0449358427107317
0.00254185053353997,0.0393317173649267,0.0143039073811221,0.00377737098370869,0.0348059772231986,0.433946371446574,0.217269865276967,0.0452356123217944
0.00259487666797001,0.0386075695289004,0.0140739021508426,0.00396545025853257,0.0344295572283747,0.432584866794264,0.217516612040228,0.0454812792730147
0.00264860297301523,0.0378939445112759,0.0138858018016194,0.0041553764435035,0.0339895638967869,0.431412208034093,0.217568468784836,0.0456694316845231
0.00270259615158157,0.0371981031179388,0.0137355347288467,0.00434687394903073,0.0334898413851984,0.430459340658281,0.217431279270084,0.0457971902492173
0.00275640905467971,0.0365267653372339,0.013618697667849,0.00453976551566227,0.0329350673463656,0.429754950704973,0.217112980012131,0.0458622506784435
0.00280958279005299,0.0358860175115939,0.0135306624236363,0.00473397410087296,0.0323306969255332,0.429324658442586,0.216623413361244,0.0458629157187301
0.00286164866696705,0.0352812352712162,0.0134666824885217,0.00492952274734378,0.0316828928246667,0.429190229044434,0.215974110819599,0.0457981177246805
0.00291213011313226,0.0347170244759711,0.0134219965413631,0.00512653188577612,0.0309984434902171,0.429368830958604,0.215178055114814,0.0456674322528898
0.00296054476794331,0.0341971812716577,0.0133919262910609,0.00532521369016453,0.0302846707356069,0.429872368513939,0.214249422270195,0.0454710817085673
0.0030064069362158,0.0337246708052189,0.0133719670436719,0.00552586330808439,0.0295493271994267,0.430706901017799,0.213203300234593,0.0452099273058432
0.00304923049705689,0.0333016229788247,0.0133578702910494,0.00572884689124749,0.0288004839518063,0.431872148060825,0.212055381925944,0.0448854481886092
0.00308853229473489,0.0329293431936405,0.0133457181084107,0.00593458628988174,0.0280464092985347,0.433361078964907,0.210821635995279,0.0444997080218012
0.00312383603378127,0.0326083361667609,0.0133319890427649,0.00614354022604767,0.0272954408986443,0.435159591509399,0.209517964912663,0.044055310887266
0.00315467671793176,0.0323383412006214,0.0133136148195481,0.00635618193774738,0.0265558541783964,0.437246295003488,0.208159863708747,0.0435553490804505
0.00318060564836526,0.0321183772023748,0.0132880270962895,0.00657297365960632,0.025835730257254,0.439592418544416,0.206762091123412,0.0430033448472589
0.00320119590654991,0.0319467949521716,0.0132531937258695,0.00679433870348378,0.0251428260153855,0.442161861113944,0.205338358222212,0.0424031866902504
0.00321604816206416,0.0318213332256245,0.0132076443867062,0.00702063213895274,0.0244844479836752,0.444911385739402,0.203901033290559,0.0417590600988123
0.00322479664211486,0.0317391754554125,0.0131504858355115,0.00725211104504806,0.0238673312686944,0.44779094559262,0.202460861040184,0.0410753730933825
0.00322711515190518,0.0316970047744493,0.0130814073298234,0.00748890510060933,0.0232975249707818,0.45074412584312,0.201026698378949,0.0403566782969325
0.00322272306150528,0.0316910568179102,0.0130006768613316,0.00773098813576764,0.0227802861899104,0.453708691031319,0.199605275058517,0.039607594509457
0.0032113911193157,0.031717170687038,0.0129091286492179,0.00797815128940092,0.0223199853218835,0.456617237926581,0.198200991957337,0.0388327312228174
0.00319294687682944,0.0317708383830632,0.0128081418903912,0.00822997857210701,0.0219200255901272,0.459397961541001,0.196815769727346,0.0380366187856273
0.00316727952450844,0.0318472522030199,0.0126996103783353,0.00848582584964349,0.0215827794505576,0.461975541143072,0.195448955032247,0.0372236453977947
0.00313434403728244,0.031941349290332,0.0125859026368869,0.00874480443876902,0.0213095436699542,0.464272140820206,0.194097283760238,0.0363980008807304
0.00309416461551995,0.0320478532044567,0.0124698126836947,0.00900577052429588,0.021100513842602,0.466208501178628,0.192754895638249,0.0355636268059399
0.00304683739969417,0.0321613135400766,0.0123545021943245,0.00926732139550914,0.0209547783076166,0.467705087314082,0.191413394220987,0.0347241728782525
0.00299253236955431,0.03227614567232,0.0122434353122055,0.0095277991965874,0.0208703310009328,0.468683258251117,0.190061948941111,0.0338829600805418
0.00293149433513918,0.0323866731942931,0.0121403073632421,0.00978530269658642,0.0208441026695124,0.469066431898482,0.188687439856197,0.0330429516138275
0.00286404300026649,0.032487175352661,0.0120489685075691,0.0100377074941546,0.0208720099958815,0.468781231919781,0.187274648812005,0.032206732735199
0.00279057213259873,0.0325719407793778,0.0119733434282774,0.0102826949181084,0.0209490223900602,0.467758612496549,0.185806500777809,0.0313764999110429
0.00271154784003262,0.0326353273122068,0.0119173485614799,0.0105177895477248,0.0210692463143882,0.465934957348912,0.184264354635034,0.0305540584646084
0.00262750589605387,0.0326718262766824,0.0118848087431417,0.0107404047963567,0.0212260268070018,0.463253137544602,0.182628335759772,0.0297408270233902
0.0025390480743118,0.0326761287697571,0.0118793751570424,0.0109478954875435,0.0214120652268152,0.45966349694374,0.180877698761243,0.0289378471654584
0.00244683751442175,0.0326431913802544,0.0119044461383095,0.0111376158590684,0.0216195512998093,0.455124729058221,0.178991210118716,0.0281457975110235
0.00235159315560043,0.0325682993264224,0.0119630921179924,0.0113069811087803,0.0218403067014028,0.449604618314359,0.176947545467321,0.0273650125508426
0.00225408322370728,0.0324471259387078,0.0120579860129118,0.0114535305646673,0.0220659368603731,0.443080636320303,0.17472570185702,0.0265955071654597
0.00215511773551306,0.0322757883533578,0.0121913405367953,0.0115749907123507,0.0222879873888779,0.435540401170102,0.172305428445939,0.0258370076500503
0.0020555400458603,0.0320508997110516,0.0123648539914575,0.0116693363835009,0.0224981015164571,0.426982016789988,0.169667677654019,0.0250889891652964
0.00195621755623233,0.0317696176911721,0.0125796658980951,0.0117348482035305,0.0226881751462162,0.417414304574762,0.16679507283523,0.0243507186020762
0.00185803175103243,0.0314296881268779,0.0128363234193663,0.0117701641283867,0.0228505065811338,0.406856924568127,0.163672381691836,0.0236213014781305
0.00176186770074657,0.0310294817483952,0.0131347592476483,0.011774322992097,0.0229779383217822,0.395340371562112,0.160286980907933,0.0228997316225044
0.00166860313084051,0.0305680223210843,0.0134742816264662,0.0117467985110805,0.0230639882230526,0.38290583082474,0.156629297368172,0.0221849427716549
0.00157909717416558,0.0300450053046887,0.0138535772642337,0.0116875229260448,0.0231029667346091,0.36960488650952,0.152693213754593,0.0214758615739753
0.00149417899047943,0.0294608071786974,0.0142707278933064,0.0115969001101475,0.0230900767592622,0.355499087909026,0.148476429948076,0.0207714617135751
0.00141463649780402,0.0288164863538481,0.0147232410167812,0.0114758082587822,0.0230214934250195,0.340659389357908,0.143980774933527,0.0200708187802727
0.00134120547572308,0.0281137768630277,0.0152080949606501,0.0113255921226884,0.0228944224786117,0.325165484071406,0.139212464957305,0.0193731650084981
0.00127455926387231,0.0273550756495762,0.0157217977458202,0.0111480445208379,0.0227071373624619,0.30910504724412,0.134182301025936,0.0186779421851317
0.00121529923067811,0.0265434232704466,0.0162604585528555,0.0109453770308467,0.0224589956401451,0.292572891624137,0.128905794050895,0.0179848504147778
0.00116394616643607,0.0256824767317632,0.0168198697619556,0.0107201803183652,0.0221504351536821,0.275670029802793,0.123403203996238,0.0172938904531768
0.00112093275413053,0.0247764727504094,0.0173955969078159,0.0104753752811909,0.0217829500061407,0.258502638681442,0.11769948263516,0.0166053979152504
0.00108659726822708,0.0238301802288399,0.0179830735856468,0.010214156768614,0.021359046956869,0.241180930973222,0.111824116257975,0.0159200685237961
0.00106117863052774,0.0228488418742551,0.0185776984633093,0.00993993187280894,0.0208821838665677,0.223817950449166,0.105810871710061,0.0152389743113747
0.00104481290922821,0.0218381061750982,0.0191749320085707,0.00965625461751223,0.0203566927778784,0.206528315969216,0.0996974532865701,0.0145635709876006
0.00103753129500418,0.0208039517731982,0.0197703910424113,0.00936675853867761,0.0197876905048507,0.18942693987059,0.0935250775966114,0.0138956964186674
0.00103925954737122,0.0197526062368678,0.0203599393720429,0.00907508850637876,0.0191809791533244,0.172627739815567,0.0873379709375898,0.0132375597153055
0.00104981888264287,0.018690460662651,0.0209397723710763,0.00878483322043442,0.0185429384601578,0.156242357231526,0.0811827936932882,0.0125917203615443
0.00106892826341046,0.0176239813046871,0.0215064929862658,0.00849945998273439,0.0178804118071866,0.140378895259276,0.0751079997222726,0.0119610572324299
0.00109620803361472,0.0165596198347659,0.0220571768795015,0.00822225347045639,0.0172005881091207,0.125140692809289,0.0691631433376691,0.0113487279960044
0.00113118481163693,0.0155037244805553,0.0225894252130497,0.00795626021846881,0.0165108821020799,0.110625155066475,0.0633981497608233,0.0107581199873325
0.00117329752178353,0.0144624547266668,0.0231014045318949,0.00770424032649219,0.0158188155497117,0.096922661753183,0.0578625653249987,0.0101927939535446
0.00122190444227613,0.0134417022312076,0.0235918738087702,0.00746862755524979,0.0151319014136926,0.0841155716525853,0.0526048016958919,0.00965642198367942
0.00127629117612324,0.0124470201049593,0.0240601986294714,0.00725149857655972,0.0144575323619925,0.0722773368476355,0.0476713864539883,0.00915272057404549
0.00133567948105965,0.01148356200915,0.0245063518983848,0.00705455181693806,0.0138028745587415,0.0614717358900073,0.0431062319322845,0.00868537950936298
0.00139923689337484,0.0105560319797778,0.0249309002080045,0.00687909608889977,0.0131747676069125,0.0517522326979894,0.038949934517977,0.00825798728493005
0.00146608705273705,0.00966864552810135,0.0253349756127395,0.00672604897540268,0.0125796316401886,0.043161466470404,0.0352391167083721,0.00787395408801742
0.00153532062682019,0.00882510229141422,0.025720233622803,0.00659594465646481,0.0120233826871441,0.0357308764291312,0.0320058235170795,0.00753643372800496
0.00160600675852136,0.00802857021100002,0.0260887990739281,0.00648895053093782,0.0115113573915323,0.0294804633934668,0.0292769833056257,0.00724824617273843
0.0016772049806325,0.00728168082463336,0.0264432015344562,0.00640489167242955,0.0110482478628444,0.0244186880229308,0.0270739412503208,0.00701180237065492
0.00174797752661362,0.00658653481916737,0.0267863013610857,0.00634328192874277,0.010638046928564,0.0205425033453725,0.0254120721039214,0.00682903283541262
0.00181740192102027,0.00594471665594262,0.0271212074453453,0.00630336027557582,0.0102840036596032,0.0178375174133277,0.0243004777905561,0.00670132129756421
0.00188458370590101,0.00535731691485855,0.0274511883723966,0.00628413079648576,0.00998858892591221,0.016278280730286,0.0237417744004451,0.00662944476281367
0.00194866915369282,0.00482496088647414,0.0277795795114214,0.00628440447096899,0.00975347084629293,0.0158286921800297,0.0237319720692914,0.00661352147962144
0.0020088577930779,0.00434784176687317,0.0281096887380131,0.0063028409932068,0.0095795001794142,0.0164425163108561,0.0242604499497839,0.00665296844951681
0.00206441452116675,0.00392575668642516,0.0284447028547926,0.00633798913634202,0.00946670583099248,0.0180640040439671,0.0253100271462028,0.00674647008552243
0.0021146810454403,0.00355814392446851,0.028787596094594,0.00638832456636232,0.00941430064968194,0.0206286084124132,0.0268571292191122,0.00689195940981038
0.00215908642324239,0.00324412000012066,0.0291410421137232,0.00645228426927918,0.00942069753497297,0.0240637866446894,0.0288720485929153,0.00708661289239251
0.00219715650911742,0.0029825156915775,0.0295073314336329,0.00652829675971208,0.00948353559505094,0.0282898794355366,0.0313192958564624,0.00732685978172182
0.00222852212315209,0.00277191023228072,0.0298882967374984,0.00661480719430061,0.00959971568859219,0.0332210576846975,0.0341580376865293,0.00760840654278858
0.00225292570686516,0.00261066296863413,0.0302852481936999,0.00671029672867337,0.00976544426701073,0.0387663268356896,0.0373426160831282,0.00792627672806553
0.00227022621372603,0.00249694188112348,0.0306989200953878,0.00681329593562918,0.00997628422446262,0.0448305793070393,0.0408231427550153,0.00827486624090312
0.00228040204540188,0.00242874868269692,0.0311294294652226,0.00692239265480998,0.0102272116051577,0.0513156859631345,0.0445461616746686,0.00864801355851402
0.00228355195995057,0.0024039405964232,0.0315762474426857,0.00703623506835206,0.0105126774772408,0.0581216175359706,0.0484553717676051,0.00903908408853993
0.00227989397162071,0.00242024921943349,0.0320381849188295,0.00715353094717555,0.0108266748665788,0.0651475858922271,0.0524924001383554,0.00944106741130407
0.00226976227411905,0.00247529700829356,0.0325133943582709,0.00727304388858641,0.0111628110640019,0.0722931930914998,0.0565976143347959,0.00984668574023392
0.00225360217910902,0.0025666119084016,0.0329993894921879,0.00739358720103354,0.0115143856450892,0.0794595742022504,0.0607109606772969,0.01024851160514
0.00223196307292904,0.00269164063425794,0.0334930835012887,0.00751401610520727,0.0118744742465692,0.0865505187358328,0.0647728151667996,0.0106390925647859
0.0022054894841611,0.00284776114014159,0.0339908451143109,0.00763321908792757,0.0122360178744931,0.0934735556258999,0.06872483390299,0.0110110806636655
0.00217491046115533,0.00303229484706499,0.0344885713554569,0.00775010942781623,0.0125919173787835,0.100140987832143,0.0725107908356944,0.0113573643029159
0.00214102750863364,0.00324251915914256,0.0349817754350158,0.00786361796735072,0.0129351325308204,0.106470864360813,0.0760773912348068,0.0116712001008908
0.00210470130137521,0.003475680698377,0.0354656882330913,0.00797268804965382,0.0132587847268964,0.112387878688792,0.0793750485335976,0.0119463420610417
0.00206683734966383,0.00372900954077326,0.0359353717956645,0.00807627324626386,0.013556261715587,0.117824181815923,0.082358610006822,0.0121771649547234
0.00202837080914531,0.00399973459020546,0.0363858431122792,0.00817333826581084,0.0138213220796106,0.122720095200851,0.0849880149341467,0.012358778554358
0.00199025068975682,0.00428510009865157,0.0368122060035156,0.00826286329239896,0.0140481967353988,0.127024706602016,0.0872288695137912,0.012487129494152
0.00195342376407197,0.00458238324002591,0.0372097879848536,0.00834385183471077,0.0142316846302105,0.130696333488011,0.0890529259669793,0.0125590880901338
0.00191881845976363,0.00488891256827605,0.0375742775274919,0.00841534188283778,0.0143672401208385,0.133702844172776,0.0904384577933826,0.0125725182119629
0.00188732896608388,0.00520208711123015,0.0379018559790578,0.00847641988505841,0.0144510499860579,0.136021833919218,0.0913705270795112,0.0125263289355703
0.00185979976445435,0.00551939572070009,0.0381893183408228,0.00852623694758568,0.0144800982786185,0.13764065866517,0.0918411410963297,0.0124205068992615
0.00183701082874852,0.00583843611564029,0.0384341781584783,0.00856402669759643,0.014452217054971,0.138556329861981,0.0918492938984367,0.0122561281212443
0.00181966379199783,0.00615693292582868,0.0386347534570876,0.00858912425815062,0.0143661208743485,0.13877527121843,0.0914008876750085,0.0120353481459019
0.00180836939428482,0.00647275406233898,0.0387902321642804,0.00860098561266848,0.0142214234341642,0.138312937736242,0.0905085313326995,0.0117613701223165
0.00180363648882241,0.00678392490176468,0.0389007160253645,0.00859920637909243,0.0140186357622709,0.137193302236357,0.0891912195734348,0.011438391526896
0.00180586282683423,0.00708864000115365,0.0389672413130193,0.00858353895132271,0.0137591465492951,0.135448222136228,0.0874739020179405,0.0110715312469756
0.00181532781704382,0.00738527225031374,0.0389917736474426,0.00855390717625546,0.0134451859557415,0.133116705308849,0.085386956020093,0.0106667392292972
0.00183218745235573,0.00767237940081286,0.0389771743856103,0.00851041806999344,0.0130797743011674,0.130244095039644,0.0829655770978456,0.0102306908286085
0.00185647157353239,0.00794870774628568,0.0389271375542605,0.00845337032298501,0.0126666568135799,0.126881190968553,0.0802490988001498,0.00977066789114072
0.00188808357710814,0.0082131925380454,0.0388460985889442,0.00838325932953715,0.0122102257378955,0.123083320601042,0.0772802530852858,0.00929442887719538
0.00192680259583735,0.0084649547431549,0.0387391183608314,0.00830077826190158,0.0117154316321827,0.118909377145555,0.0741043841667731,0.00881007080714359
0.0019722881058963,0.00870329403464447,0.038611747274888,0.00820681462332534,0.0111876862681886,0.11442084185443,0.0707686318247849,0.00832588618509344
0.00202408683439639,0.00892767834259757,0.0384698740736686,0.00810244193283436,0.0106327598656185,0.109680809481689,0.0673211025620896,0.00785021810648436
0.00208164176301099,0.00913773072846442,0.0383195629469125,0.00798890659027278,0.0100566752711028,0.104753032555184,0.0638100474278211,0.00739131649395623
0.00214430298212782,0.00933321459770235,0.0381668821595173,0.00786761030924429,0.00946560129187378,0.0997009963547453,0.0602830635213388,0.0069571980593527
0.00221134014809304,0.00951401821409385,0.0380177282791309,0.00774008858381797,0.00886574707596762,0.094587034961731,0.0567863332945229,0.00655551233818104
0.00228195630381324,0.00968013919875964,0.0378776516500583,0.00760798548866077,0.00826325933489616,0.0894714990745568,0.0533639135261816,0.00619341594764703
0.00235530279934772,0.00983166947659264,0.0377516901814961,0.00747302502078595,0.00766412420923536,0.084411986183284,0.0500570845631264,0.00587745699816994
0.00243049498642623,0.00996878111074948,0.0376442190828783,0.00733697937777685,0.00707407552250006,0.0794626415370862,0.0469037694895671,0.00561347131752695
0.00250662832287687,0.0100917135384649,0.0375588235366715,0.00720163492087221,0.00649851095125894,0.0746735349840922,0.0439380317779213,0.00540649185238108
0.00258279456191492,0.010200762738448,0.0374981997922076,0.00706875687513036,0.00594241730010558,0.0700901168458943,0.0411896584794762,0.00526067233084743
0.00265809778875727,0.0102962727366565,0.0374640886845824,0.00694005389366539,0.00541030578048033,0.0657527561827183,0.0386838341598775,0.00517922601514412
0.0027316701298606,0.0103786296144283,0.0374572444553872,0.00681714344405645,0.00490615801755087,0.0616963657809322,0.0364409087116216,0.00516438012380459
0.00280268694168121,0.0104482579237694,0.0374774406105747,0.00670151878952941,0.00443338336992826,0.0579501184130036,0.034476260026924,0.00521734623599264
0.00287038122876276,0.0105056192398732,0.0375235130163456,0.00659451831659144,0.00399478796068475,0.0545372574903915,0.0328002503722306,0.00533830674829729
0.0029340570374871,0.0105512124922926,0.0375934384620691,0.00649729804744947,0.00359255556974448,0.0514750027712051,0.0314182731793234,0.00552641730626906
0.00299310161251271,0.0105855755816126,0.0376844447757728,0.00641080824343201,0.00322824028314628,0.0487745500104931,0.0303308849182248,0.00577982508501569
0.00304699610561664,0.0106092874945594,0.0377931465951001,0.00633577497699402,0.002902770574105,0.0464411628126993,0.0295340150229731,0.00609570279792247
0.00309532456269965,0.0106229698864506,0.037915699562194,0.00627268741592993,0.00261646428754619,0.0444743545476651,0.0290192457987996,0.00647029830037759
0.00313778087508926,0.0106272872281953,0.0380479653987415,0.00622179136000177,0.00236905381255544,0.0428681570640078,0.0287741539342537,0.00689899955625504
0.00317417343534901,0.0106229450964919,0.0381856809029727,0.00618308933285647,0.00215972058571609,0.0416114710736621,0.0287827055269826,0.0073764145142414
0.00320442733343445,0.0106106867558691,0.038324624767905,0.00615634726606871,0.00198713797270277,0.0406884915424077,0.0290256970356947,0.00789646515549971
0.00322858396782717,0.010591288550883,0.0384607763576785,0.00614110750495357,0.00184952149163687,0.0400792006392285,0.0294812347862741,0.00845249471352191
0.0032467978998141,0.0105655546154834,0.0385904598550587,0.00613670754684453,0.00174468524606569,0.0397599201341417,0.0301252451726366,0.00903738682668318
0.00325933077066709,0.0105343110750681,0.0387104667455715,0.00614230367053773,0.00167010335579507,0.0397039138980894,0.0309320066762055,0.00964369509941516
0.00326654224088341,0.0104983995887145,0.038818150837947,0.00615689847575184,0.00162297514949109,0.039882029455292,0.0318746940882794,0.0102637811694931
0.00326887815374425,0.0104586699823294,0.0389114927522868,0.00617937132271266,0.00160029290266187,0.0402633661926466,0.0329259252541165,0.010889958906465
0.00326685634901158,0.0104159718359347,0.038989133844423,0.0062085107237822,0.00159891092398706,0.0408159571754035,0.0340583010417648,0.0115146418577981
0.00326105064349782,0.0103711451152733,0.0390503814996797,0.00624304785631576,0.00161561477221152,0.0415074513129215,0.0352449297616705,0.012130490615466
0.00325207345827457,0.0103250101782181,0.0390951878816755,0.00628169048916614,0.00164718932830362,0.0423057826519286,0.0364599277441147,0.0127305565036234
0.00324055755919175,0.0102783576249508,0.0391241036047837,0.00632315668112931,0.00169048438597024,0.0431798138194534,0.0376788881685261,0.0133084179545646
0.00322713746796747,0.0102319383767243,0.0391382082255473,0.00636620755039258,0.00174247636925428,0.0440999411374626,0.0388793105159065,0.0138583061270591
0.003212431228173,0.010186454052528,0.0391390211032772,0.00640967821368444,0.00180032477989585,0.0450386496252428,0.0400409830780726,0.0143752165979289
0.00319702328493449,0.0101425474370019,0.0391283981138085,0.00645250578547288,0.0018614220749988,0.0459710066766721,0.041146310522962,0.0148550040933732
0.00318144921409869,0.0101007928745944,0.0391084209869913,0.00649375328508978,0.00192343586064867,0.046875083070576,0.042180577384957,0.0152944570240195
0.00316618292337085,0.0100616867528639,0.0390812861360004,0.00653262846297765,0.00198434247162837,0.0477322888917408,0.0431321372895981,0.0156913482735934
0.00315162678491773,0.0100256386266796,0.0390491987187051,0.00656849687986333,0.00204245110219042,0.0485276111846811,0.0439925181994552,0.0160444588783125
0.00313810498856404,0.0099929637185667,0.0390142759753648,0.00660088897285752,0.00209641771359514,0.0492497416177315,0.0447564366249962,0.0163535722019191
0.00312586024687072,0.00996387737843398,0.0389784625469277,0.00662950120655244,0.00214524815144593,0.0498910866252124,0.0454217181623689,0.0166194377698013
0.00311505382962256,0.00993849183622184,0.0389434598004694,0.00665419159924199,0.00218829031765548,0.0504476586636514,0.0459891266975352,0.0168437056206092
0.00310576874418979,0.00991681556213799,0.0389106710113227,0.00667496986476669,0.00222521576772482,0.0509188538024962,0.0464621084487086,0.0170288332753625
0.00309801573563379,0.00989875571774436,0.0388811642939112,0.00669198230805943,0.00225599160052374,0.0513071258785923,0.0468464584118773,0.017177967807635
0.00309174169239205,0.00988412428360503,0.0388556550783446,0.00670549175744647,0.00228084383675505,0.0516175694143327,0.047149916962429,0.0172948055231551
0.00308684001012389,0.00987264829275446,0.0388345093082099,0.00671585324173215,0.00230021360896143,0.0518574237323967,0.0473817065060899,0.0173834325223615
0.00308316246295056,0.00986398422526691,0.038817767171459,0.00672348663799058,0.0023147075958902,0.0520355128472989,0.0475520229931779,0.0174481511692638
0.00308053212566398,0.00985773626099525,0.0388051854796501,0.00672884789224658,0.00232504443494312,0.0521616410442208,0.0476715031498832,0.0174932996266206
0.00307875685137286,0.00985347781704873,0.0387962955424716,0.00673240048967327,0.00233199932461372,0.0522459709868474,0.0477506932559317,0.0175230733600949
0.00307764271484725,0.0098507754955241,0.0387904726771085,0.00673458870058429,0.00233634953921149,0.0522984174217361,0.0477995475886638,0.0175413582799813
0.00307700669644326,0.0098492141405246,0.0387870129380318,0.00673581402726958,0.00233882395929895,0.0523280930970136,0.0478269844369942,0.0175515850826865
0.00307668776421016,0.00984842117714498,0.0387852117743286,0.00673641631567069,0.00234005988279044,0.05234284391731,0.0478405272992916,0.0175566142922145
0.00307655544757019,0.00984808786309453,0.0387844378293095,0.00673666105486724,0.00234057041973412,0.0523489098634523,0.0478460601357436,0.0175586620247251
0.00307651496574565,0.00984798453615282,0.0387841931737733,0.00673673434250349,0.00234072587738863,0.0523507492133024,0.0478477276290748,0.0175592773002437
