SubjectID,Task,PeakAngle_Thumb_20_17_18_,PeakAngle_Thumb_17_18_19_,PeakAngle_Index_20_1_5_,PeakAngle_Index_1_5_6_,PeakAngle_Index_5_6_7_,PeakAngle_Middle_20_2_8_,PeakAngle_Middle_2_8_9_,PeakAngle_Middle_8_9_10_,PeakAngle_Ring_20_3_11_,PeakAngle_Ring_3_11_12_,PeakAngle_Ring_11_12_13_,PeakAngle_Little_20_4_14_,PeakAngle_Little_4_14_15_,PeakAngle_Little_14_15_16_,AvgRectEMG_APL,AvgRectEMG_FCR,AvgRectEMG_FDS,AvgRectEMG_FDP,AvgRectEMG_ED,AvgRectEMG_EI,AvgRectEMG_ECU,AvgRectEMG_ECR
1,1,137.169693735038,155.293373783039,167.799656947907,174.049351448392,177.949016321169,170.391781994556,179.215072357759,171.974303520994,172.080895633482,173.398769902751,169.82359293246,164.774502892909,179.3919730676,155.882035805062,0.476944252519931,0.470956723107751,0.507886877381096,0.494159028822497,0.406700074967537,0.516992647412571,0.482465056468208,0.541018326073447
1,2,126.508604808941,155.311910831067,168.037281273591,173.011238691148,177.369934224413,170.074751894841,175.820883501756,172.917745194671,174.38474661712,173.593395228002,169.372497164471,165.525768631046,178.529926155179,156.22517515636,0.478347532464036,0.476920865069984,0.528743621722509,0.485996462573553,0.410176050858178,0.522197184700416,0.494402761076803,0.488040757698014
1,3,127.156530469256,154.589665622689,170.786565102856,173.767062346915,177.705730021482,176.871271460765,179.69514331716,172.079553684158,173.7305708873,174.669016484916,171.130700544979,161.268521668991,177.218826829374,156.431573126636,0.479217457144716,0.479791599607701,0.5334919260519,0.491310952912149,0.410216758112637,0.580003843551949,0.516583836077432,0.483848602099409
1,4,127.778878810449,155.632848796698,166.872083358886,171.197108582143,178.242733099271,169.768426452384,175.45819092646,173.13198841649,175.225247357028,175.475168107835,177.779080517874,156.489571670539,178.739792778568,158.512908227059,0.505868705021877,0.480223226935959,0.523953292668969,0.495315216322219,0.415331789421352,0.536040300351068,0.514072237699312,0.484696730251215
1,5,129.844081489364,154.403995397804,167.831136604051,168.174433952466,178.690582051495,178.933577310379,179.702652192187,173.247843902686,173.448310008108,175.621271619367,171.426464163565,164.927909913709,179.268863075577,158.685283590351,0.478969537298318,0.478623748640603,0.545095678690898,0.507274869717732,0.418986400242397,0.542672521053871,0.508400299519072,0.490915526240752
1,6,133.959272484348,155.195515252311,170.846935902116,173.860214611778,177.900388966562,173.485568047679,179.934848862447,173.939611131518,173.346735620954,176.217477933179,171.991671622127,164.660830520991,179.779899427183,156.692449547291,0.479180901443594,0.480235955995673,0.520403445725624,0.511075295565662,0.420908149923928,0.541660592660825,0.510846676256094,0.496435479040311
1,7,133.394493121818,155.209986448447,172.717923248022,173.267554275651,178.370946171425,175.505107792065,177.958699766402,173.659629251588,175.036293191715,176.275780594073,174.544647146951,166.54004775906,179.412886902051,157.667503243256,0.485226309635872,0.476390587402057,0.533655571469965,0.503203543055367,0.412460881308518,0.54165296241032,0.516439232974821,0.490495231946125
2,1,145.809584384891,169.914334520194,161.466556999393,164.305086340976,173.694663828831,173.800849714167,174.110165848956,174.200135926923,173.113256842701,170.117452575343,169.446550239444,137.797692252602,156.682117745593,165.866243826644,0.551103744482609,0.523903839153064,0.536560547111805,0.500716927931534,0.571065300197802,0.539702085597081,0.499966128418908,0.410136158285584
2,2,149.806458150252,169.646670552762,161.785802268084,173.704306897523,177.657828075002,165.484181818316,175.785204020065,178.107069910315,171.362328555311,171.511470172289,168.76311011851,143.620507566878,154.721465965993,164.63316452874,0.547075200688422,0.524512186381234,0.534129095451295,0.503844956208206,0.576838713168786,0.550519916033621,0.504407820595075,0.418240743580333
2,3,142.469182076913,168.543853847709,163.560510501958,173.440592548171,177.201899305665,175.126898849415,176.221012987961,178.960809117472,172.730492208377,174.316692827051,169.362035699027,148.533695309828,154.227213846496,165.084776723139,0.552728807569674,0.527911710886025,0.542839047182131,0.506207017406456,0.586192107900653,0.553775975488454,0.492325789148213,0.424848102561056
2,4,140.097104540583,165.220511424425,167.790346597699,172.273437738956,177.122074859197,177.500538135828,175.808935585966,178.868933813155,175.948224514843,173.91799405543,169.622565393081,150.08337112784,153.782362588281,164.763699163455,0.549885811313261,0.536588709905622,0.550094637187751,0.534093163836385,0.587207274541589,0.547302519392468,0.495596946797835,0.421557414989483
2,5,147.04063368657,169.948872413061,170.844995714848,172.566101760141,177.974182031499,179.624950832578,175.314673574086,178.182395699909,173.295818161687,172.603024176892,170.145814427789,148.560963861291,161.029638819608,170.979049922349,0.547659161351812,0.542373831528501,0.55581863986549,0.515905254464631,0.595377825522773,0.552188463490227,0.501287060945647,0.433724922226624
2,6,152.481726445506,170.683742031651,166.566044570977,173.603825229293,177.278290113606,179.085284653227,175.706216638245,178.00463019554,171.773523210391,172.676422434231,170.67562893077,142.187065344572,161.204699325146,167.884430269317,0.548785961692798,0.529709906273422,0.54020086703129,0.513415811520331,0.577385126658543,0.540610415539066,0.509534357753967,0.4285991352405
2,7,144.486783210894,169.03982209643,172.197717874607,173.143612899095,178.141861475007,178.429364535866,176.558921447445,178.509189787156,177.936128776655,171.520929370291,168.949545716784,149.51971830695,155.040366784546,169.411180048089,0.520262778357204,0.520078968055308,0.546042184430215,0.509076440921945,0.57745324024734,0.54168031402441,0.504981996145764,0.417696974365398
3,1,156.505641708693,178.746902119793,157.412355266787,179.920295676917,171.957117082029,178.846817289562,177.18087743616,172.167328244832,171.168030441106,179.957479586913,174.127226772581,174.992994015701,179.847786983048,178.025613539611,0.46759497219678,0.508519260153465,0.471619360246308,0.555314807035136,0.520210639056261,0.568645748038281,0.484931937675794,0.539322208616275
3,2,145.68134804028,153.846262217737,169.41096666833,179.774254674763,175.471926365102,174.993734991235,174.16016397565,171.099058248442,169.602459276739,177.419181866616,178.441292807218,153.326670473214,178.791898317791,177.364455398177,0.445650839569501,0.500155554415268,0.466835175150352,0.543663444440881,0.510333134991323,0.561150787389269,0.456697767466818,0.529891156461101
3,3,133.706824515747,171.285710962266,167.906252523172,179.505143700627,174.823294729089,179.279281138477,179.788831653128,173.239975509022,167.021187725158,179.676584375218,176.511625948547,157.299891508579,179.128409071214,176.626285584173,0.456035614798388,0.50521950354048,0.47276693101001,0.546679361595622,0.516099246120589,0.563993195540578,0.467031428378305,0.536120568001429
3,4,123.657231644817,179.507000964825,162.397298427688,178.462653413583,173.315007614527,172.347414824697,177.490895343427,173.228421795353,174.31575025814,179.575280587135,176.206566929729,157.757319570233,178.332796741043,176.73633363028,0.460731907384029,0.516620219314462,0.492248494077721,0.561565365853734,0.53085464104599,0.575493164397568,0.477830688290893,0.550961839088874
3,5,128.832581507802,178.500937836884,159.041854711808,178.405496884494,174.736532600722,176.650415206843,176.351497953214,171.712057865111,171.906583507953,178.998709247763,174.90582810508,174.897270581145,179.785143363948,179.324332637682,0.453771006471921,0.509338940851127,0.47440483371352,0.550409589529737,0.522004755160975,0.565446167249882,0.471873307769497,0.539342851889492
3,6,144.877489954804,174.507042336482,159.441861597231,179.799998929348,172.370779821843,178.03078363704,178.840869632139,170.173480838612,170.292882503525,179.839512908709,174.424067037497,163.576203647447,179.872272922248,176.557224897573,0.453320106839807,0.506213769131709,0.471900729295514,0.543248237717042,0.513220675457726,0.562201988068669,0.462520699531735,0.532133437115831
3,7,146.789669889894,177.770623769825,161.397903169047,179.846178603965,174.210414679465,179.813678690284,178.846401727746,171.179284784903,175.306053845726,179.902517741098,175.212448574417,173.322639667107,179.800971892805,176.049668586384,0.456600659495752,0.509455990439284,0.475940036685689,0.546811033536308,0.515970462649938,0.563456963733373,0.462388047960791,0.532133437115831
4,1,164.985998097696,179.401570023974,179.592923468248,172.145368585843,164.841946158294,179.137865895007,172.468122054785,162.57075709524,173.319479932511,176.407086006454,169.172413735642,164.251432329226,179.13444586127,175.969235149407,0.550097795817685,0.532870175112696,0.538138662006735,0.63257491201391,0.632574912787516,0.547825539174221,0.450658324228219,0.524277674971577
4,2,161.361824176908,177.532971732261,174.184834637173,179.226307189097,179.50194441595,176.354864975774,171.405219275812,164.882145927659,168.562307142178,172.151627922858,169.328588316841,157.657197360795,171.998426013582,177.444048122601,0.543197074561605,0.532754310429776,0.537640739201504,0.629175676121192,0.629175675993343,0.535772855271625,0.438503477997728,0.526398621574018
4,3,157.176365062934,178.458422628084,178.165008021706,176.606048743979,167.364055146633,179.68565339627,172.854615429187,177.65240284836,177.921626265364,177.68079718055,174.203655222999,174.480982141036,176.670730479152,177.158547095554,0.537717327820864,0.535563263577881,0.537447360017387,0.626432975718394,0.626432974951915,0.531666718074039,0.434380156332718,0.531249679313158
4,4,155.942176924719,179.459364181829,177.853931524133,173.973449805978,163.955751808977,179.445246668574,172.820904158874,173.875913775303,179.333199755412,178.86052258125,176.150138446395,171.475623124796,175.005149020008,175.064268569862,0.548684749329721,0.538195375882052,0.55090159667516,0.64497854459228,0.644978545690364,0.535287482584389,0.456471377851677,0.535662227490239
4,5,167.086081855244,179.494860968837,177.699958730353,174.000770835553,161.285113269404,179.045943843489,170.936803756268,165.80855437879,179.589112465743,174.960420036808,177.034577475023,179.08314900044,178.878645042002,178.609701048187,0.540607419626442,0.533796836729059,0.54825264189977,0.64471500235175,0.644715002042109,0.533224431407936,0.458429886777455,0.53836963394166
4,6,163.689070317122,179.549329869387,178.493680434175,177.580615911862,178.447544719946,178.189400588511,171.265893546818,177.899655684227,178.738820256111,179.133962110179,176.293954956679,179.229849141943,177.234434110329,177.5216054662,0.555752091420711,0.542047888822671,0.552192359156307,0.640225041683986,0.640225042176424,0.538251154799357,0.45863061484655,0.538243618468695
4,7,168.042119400832,177.904351225465,177.802000090559,175.699704636458,179.598072054166,179.834448767654,172.078476154756,177.308927742185,179.696146850556,179.324831094456,174.914183422611,176.543808302732,176.674073760179,178.346921844446,0.552031471086972,0.547327769644302,0.552674989465519,0.647868131196433,0.647868131173772,0.538039995234951,0.45013228587991,0.534619877955265
5,1,139.448409570579,176.399324262205,173.514569994075,169.65975814492,179.069891462006,178.557648408976,163.904101325846,172.541915076272,172.960206482117,172.653449811894,174.567980895504,167.051943848197,177.528090269392,172.168974502992,0.448722909210527,0.424237219256906,0.458069800475459,0.5839376385942,0.380687472189748,0.541300867448491,0.496005795109366,0.582911637217299
5,2,127.924633655918,171.481244006864,175.599631310116,173.388645414014,179.53507777945,178.346354555116,166.566093167478,173.135116070785,172.423734426519,171.349286797682,174.336612450116,169.275619748637,175.561206752122,173.696556240364,0.452016848742209,0.427930011211909,0.459500524391403,0.585665309411713,0.379942103450674,0.531887852668504,0.497696009480332,0.574321278917738
5,3,131.772145754088,171.571338265681,170.593224979788,170.933230666442,178.409276547677,178.973046749992,164.894719161485,174.994866892967,171.874558327442,170.249755188833,179.40879983926,164.42281798738,176.328757294686,174.533049916093,0.449656131068608,0.424083765654165,0.457595092707398,0.586792745391948,0.379516498755698,0.530626298393386,0.486529374552392,0.566029727474145
5,4,131.509977622176,173.523974228626,171.136928816274,169.818736229052,178.913023640151,179.083137538061,164.588468596871,173.66398416037,171.576043232543,175.549825059682,179.874276021816,169.632351951668,176.723301154141,173.237439813769,0.449947758763479,0.42941855323554,0.458677132132673,0.584209106168345,0.37949661991364,0.530936306130878,0.494301000375455,0.568823022364778
5,5,127.884866995211,172.904622604941,163.289202319816,159.573418305604,175.498136412399,162.15636908422,159.884548849773,178.706165116617,156.658849523559,163.144798677324,176.951193861844,158.51793422127,173.332548316991,175.676188425003,0.451191236865343,0.428053148479508,0.459967088436288,0.583179076763118,0.388571329808331,0.529385409560722,0.481826703065826,0.574700912683407
5,6,152.292029562001,178.683738180267,173.557314754216,171.907158322856,179.691298684737,177.774568910872,168.020447734942,174.759796688074,178.940599740296,178.530575321512,179.850739917585,177.381476457009,178.991487836236,175.682313128748,0.450333498044338,0.427584915829077,0.461567871715206,0.594433580197312,0.381772236899734,0.544207959733207,0.50191513254288,0.574774081779659
5,7,150.977754987392,178.491114964731,176.451983890042,173.41532619356,177.610661889954,179.46260822076,171.028396907829,174.679705916764,179.662267724573,179.201839764203,177.102087074381,179.51070287706,177.905890645986,172.914608158417,0.465160408511708,0.433328435559722,0.478118335479352,0.597865543252114,0.383729349160639,0.548711752191958,0.51204844929649,0.584849620188344
6,1,156.525548072617,178.937587973374,166.531918164791,164.972728418635,176.096696718596,173.070799473191,165.860557437144,174.701129543883,166.459239648988,158.813138379958,169.68548969394,164.947667060572,168.566015986196,178.793729747956,0.52426427257285,0.485577963239296,0.481250900176091,0.512730397514587,0.572354742989347,0.518408146562128,0.533855860959955,0.504274326382711
6,2,149.374149989023,175.520588775948,166.594149058958,166.848852790128,177.22242958693,178.217443294515,159.765960891802,177.625621924944,170.514349186389,145.122682486869,172.885970967273,165.208177866022,148.050073758772,171.230907468062,0.50967291500099,0.485096700126228,0.482518312849576,0.513238972880729,0.572961223603195,0.521295120769576,0.527651448901243,0.50227760734982
6,3,161.333314380823,177.179049363386,170.441671032082,167.715960166595,174.47104188663,179.70967296318,174.590350174838,178.586458270807,171.851054382558,162.355441470915,177.230761319895,167.794929924549,168.793158396985,178.706597861665,0.511849499419351,0.492924849795359,0.488388625497083,0.52236690985943,0.581335016980085,0.519791960611325,0.536863819738651,0.509738356788648
6,4,148.228484249633,172.362169807308,167.156704986513,164.722959081158,176.352054962929,176.060923455226,171.463142924865,174.815906521228,173.651526725769,177.702965378261,178.874433691652,172.269280156373,179.301868363768,178.734825015333,0.512166280438352,0.497984249420481,0.487594093626447,0.523136105840021,0.566359623089548,0.512626364706581,0.556118230956155,0.517305621382452
6,5,148.088388325047,178.10375171502,161.541441439813,163.143149066308,176.170145828056,178.096202704262,170.840055229645,175.946370121825,172.765864947883,170.08523333956,176.15293157168,171.758982418947,179.820534283522,145.978988571216,0.515339263096439,0.489755386501369,0.486890939882266,0.518196607386816,0.574460702959072,0.522040419816705,0.546665100570119,0.512396512743727
6,6,156.304929324,178.673752761614,172.854956887853,166.034655899312,177.004522734785,171.572542854317,169.887281927578,179.47519806898,172.397940203228,176.122411220101,177.546381132396,173.867770215816,179.925858108538,179.02846362835,0.518923267508576,0.498574750478711,0.492502134538261,0.528724369429505,0.566439750169706,0.519700106908352,0.533541459363838,0.507435995426632
6,7,148.168697912354,176.104582745362,171.151314260502,165.868427135786,175.758351555924,177.14228695915,171.546470927231,174.699129019616,174.650136532261,172.802531529396,176.586253052399,171.855764458242,179.813792970246,178.04543364066,0.521313315148553,0.489731457952375,0.483262377326705,0.520833997888037,0.577486688758252,0.522763400538965,0.544581670248565,0.511449394990666
7,1,145.656376588896,173.76986187128,159.991530633777,165.206392363466,169.988995589914,168.611996973818,165.383017177211,171.969019977296,172.766582146777,170.823424009066,176.317231717815,165.804876298192,161.945787053816,177.669414487533,0.5670705547429,0.339840927689724,0.500845039676204,0.39769862576415,0.410065197475008,0.5061259363549,0.442510776362059,0.547110096467032
7,2,133.545102329375,163.378778897858,160.143109110321,171.753077647955,169.597423230581,169.380024601338,166.077104714503,172.745489347777,173.053508291229,166.351408114635,177.533396992856,156.467498026757,156.048221797996,174.07589903431,0.562401259943747,0.339725926267882,0.499081047831231,0.398782232870061,0.407050337385982,0.507349118835269,0.441332410624807,0.548243928641763
7,3,129.839265331026,164.900002254574,163.144865854091,176.425601559003,168.816751576791,167.431479835519,176.167827815178,174.8976774836,168.566830679805,175.481048346549,176.665815889965,153.059779240036,161.525385660026,176.677249662061,0.563174960941988,0.33970746388564,0.504184108163102,0.406840014811868,0.417368081039686,0.512048562450913,0.450663492925512,0.552884709952321
7,4,129.054872216573,159.722570756049,163.364641292881,169.575842661573,169.804639048398,158.624392932576,166.358200646072,172.856115749234,163.077176237135,170.470735586202,177.627190417595,159.160775768993,156.628793929121,173.799414837786,0.575200382907073,0.355445332837404,0.501984055058424,0.404371949983345,0.413699529652677,0.509954930059432,0.445666744088932,0.557026179806639
7,5,124.685200355962,153.866602318637,160.38388803011,163.870310949868,170.659169958673,157.258760639311,159.210121585446,171.758725795929,170.056256380504,161.661046080222,177.58659401217,162.830343560121,171.321490609484,174.883007980012,0.564177561104055,0.338779420971849,0.499575505661546,0.39810270828546,0.414203338161946,0.514536821663119,0.449576737281464,0.557579022463621
7,6,146.115365933732,167.286153834089,168.266669432501,174.308262655282,171.357779978081,178.058773893028,171.955553133109,172.065521651467,171.796292840824,176.297581573252,177.856356687316,167.223234498862,171.846277253086,173.291375705619,0.561607687063702,0.34154817363576,0.501004665989359,0.410704801838564,0.41401269488443,0.516136324076002,0.4509267891923,0.560910481875504
7,7,144.532764267078,173.439171618685,165.491306242628,172.034436494977,171.679008645219,175.106993345352,163.565782769475,172.53397009629,171.157029549781,162.382176010906,178.196251838991,157.198720201619,151.293046979416,172.532106725289,0.557641149605889,0.341102283370684,0.499915773925372,0.409895179427625,0.422087683441278,0.512877567417315,0.448037641511989,0.555237527061153
8,1,135.023333665749,170.079782762053,172.662804994342,164.271613562143,174.942159162485,172.487882529723,159.916955799234,161.469706327732,171.204794513558,170.565750962556,172.742453679628,156.870824080588,169.769596484764,161.624422710093,0.503117423673986,0.390169837599667,0.329757472332963,0.435573108813793,0.381645307378775,0.536902298082326,0.364859788212082,0.501610163031648
8,2,121.653092740639,162.699004433956,174.142462570946,170.379990684178,178.728127135735,176.369063156508,160.912228357616,170.286495540586,178.454031185522,165.769548423885,176.09768646073,164.033313863356,172.428967683432,163.228353912238,0.503435123090809,0.38985371163762,0.329879109738227,0.439226391930889,0.375118679735651,0.541845114803952,0.361695371152303,0.49404820135112
8,3,122.744015151931,164.881409491015,170.942451617313,171.864519489179,177.863941381082,174.989991548135,163.86730971164,173.273765256455,176.550510419739,168.821775865218,175.943674414183,162.642859591229,170.46049999273,160.956523614201,0.505184624771033,0.391685613699698,0.329779991292359,0.434763016463517,0.379282462258161,0.551345484994479,0.365892565890526,0.491484839974859
8,4,122.186371452578,166.118030447527,166.558000744498,163.888232687244,178.175363299841,175.134871046459,156.740361027921,171.908829131061,166.564685754134,169.273221909182,179.035927676485,160.676441580818,170.481214291383,162.731883698836,0.511161306925495,0.39743545245718,0.336227240126066,0.438944106629718,0.380060604154474,0.54674314558954,0.366137323203735,0.491373741464162
8,5,124.96352391036,168.341312818279,170.890402143976,160.81388179231,178.577431614183,175.629810151321,153.473484558184,171.210591639364,167.232544417236,163.142531960064,178.808522339106,160.830963978651,166.715209258045,163.079360420527,0.503747570175785,0.393526887941348,0.331258666295551,0.458435012242644,0.375540939846249,0.540322124708651,0.374978941516593,0.49134165868707
8,6,136.343979975594,169.334658791191,174.372677498952,173.4178108615,179.38033123898,174.448782600555,162.043918651093,170.670177378631,173.858431733038,171.460364998461,177.99489487831,162.710072441903,167.545339871168,161.759137792562,0.505359866416978,0.399424029992363,0.333353231423468,0.467417998466493,0.375689588935578,0.550028762006983,0.38746472698802,0.4969311302708
8,7,137.094850350473,170.482142424186,177.089618664613,173.651638957611,179.621744665714,179.515982910696,161.954151812368,171.7588324172,174.260100911066,170.426157610515,177.809894593141,160.360269530345,168.440701718859,161.481863699388,0.506421424326637,0.400390055460709,0.33449874311073,0.460814795151286,0.378694436311724,0.547909130367534,0.382519352912102,0.495254675670539
9,1,144.318370136482,178.789802590711,169.722941024822,173.491711455943,175.001136984441,175.395528486159,179.132237606622,173.682391628445,161.712494439466,167.623333047705,163.411853143127,168.80215412224,177.871424566383,177.318522993172,0.518313915784531,0.514881205178765,0.507896099511023,0.512363144751542,0.523681427259592,0.49715042898811,0.504733256492998,0.490239131712391
9,2,135.533103675431,175.337478320606,166.234997719661,174.307632808657,175.822215445954,175.343045265263,175.653863747882,170.804608067773,173.417957361349,159.207821005705,167.421750517627,160.268624892081,152.938414173143,172.536879631937,0.505217067073795,0.505977614325177,0.497414379263368,0.493825685212597,0.565493173789349,0.524518404498415,0.496742857842272,0.476831741583104
9,3,135.595740776159,178.942012664677,166.082357296362,174.938583276092,175.482237954171,179.84686415994,177.352531398608,167.077376200391,177.529354142947,172.583103079292,169.707159786408,160.249834167802,173.441398043005,169.473012699372,0.517183428038064,0.507558348392135,0.509162915624335,0.503657756016978,0.591947191676374,0.52321451079537,0.491685171471322,0.479731199685345
9,4,136.456971666327,179.262833572644,166.01615503171,174.496110424893,175.338305603675,179.465821328613,179.034551498129,171.628798714063,175.313601873912,176.377261452996,170.388001091446,168.83432773358,172.538256428497,177.376548993759,0.520458760007104,0.511306804990102,0.514557908532229,0.509555207965726,0.57337571532605,0.516084517989772,0.493870310512936,0.482486560076872
9,5,135.070957090721,176.731690382839,165.148522065879,175.471999432726,175.111768372787,176.949484079645,177.954909525065,170.902077803536,163.906478749753,169.330342288762,165.304295995165,165.055534721674,177.829409354596,179.539839632576,0.528942241251003,0.536294973289036,0.530206540707621,0.53971158295276,0.577065152233178,0.513055964017267,0.505558979344588,0.493959111362625
9,6,144.016553193711,176.72943465195,165.564893357061,173.18763782817,174.747281263432,177.041883841566,179.657638941879,174.138967029307,169.174635948254,168.334692550232,165.460874614331,172.316253371901,170.141951209666,170.921411605661,0.510043232064617,0.502954013465029,0.500383013061179,0.500862581606679,0.522148221456393,0.496556619355887,0.504636579789111,0.488454052081411
9,7,147.227101628665,178.423755770836,166.192209726048,173.977558327148,175.785096207527,176.63904835127,179.871302671606,173.98947869362,177.050213594049,168.985773113978,167.08917052996,167.17317083816,170.86815896922,173.89316591066,0.521410071694358,0.513808326431496,0.515104652662047,0.516514468317294,0.521990812456584,0.496600777171733,0.505324612090315,0.486082037212862
10,1,142.798409253287,169.750870329105,164.657077775635,164.693816844454,171.928815659902,164.301227766675,149.148048303812,175.423230514004,167.43034682253,142.473111789941,165.630110786287,166.839703222614,163.140047004274,176.725712601366,0.60941184613897,0.528694970724324,0.381535718489708,0.409805666487425,0.482503631596132,0.542463317984594,0.485219307459873,0.386014685218727
10,2,129.470817261404,154.270699327784,169.324088649714,168.997049174819,172.389611342265,167.536672862519,144.004578908865,172.145444310701,170.571661707646,139.152009563284,165.275023251885,164.832359722852,153.599011875147,171.816774328812,0.604244349429541,0.524465278339017,0.379859726449378,0.423896059206025,0.482027482464567,0.523183183999174,0.490879855668868,0.373747722119638
10,3,131.237961912685,153.867954796509,168.789064706709,173.04602067648,172.640684426443,174.018443235647,150.607088680678,175.242713800673,171.93784260626,138.787374364,165.40794806362,176.62583250011,162.247326950611,177.33189973318,0.605390529241556,0.526983525380242,0.383307326981994,0.41723395737251,0.488604943046221,0.527799529556484,0.498068475827365,0.36985494490492
10,4,127.405663364848,154.326362040165,165.214001627421,165.949399492735,171.695638635569,165.941600524418,158.833792464624,179.091478939329,165.042289784497,145.234609545294,166.576900333025,168.142866461544,160.599251527779,176.684193742909,0.604659232372019,0.520406142285403,0.38029715924637,0.410178280742467,0.477662556103927,0.521968803789591,0.479724151081147,0.37436389283292
10,5,127.390499456407,155.706473393459,163.402591297846,161.971866533344,170.953663589689,163.761191798851,150.907115075632,177.613308844299,164.481987541956,138.877139609025,166.09400470599,166.496565550302,159.126088518043,177.849476907762,0.621260942499417,0.536824847792261,0.393204656870398,0.415023223831086,0.481437071479945,0.526340797113816,0.487768793360706,0.378382633056472
10,6,148.314391272475,168.786694261389,175.236763680772,179.237889910711,173.519110814285,178.397809612687,167.05628196736,179.361835831461,169.562172438877,154.360842391838,168.738223390034,178.272213496469,168.831221881696,177.508938954749,0.610457440052093,0.530487549527228,0.386344867940818,0.415504849664838,0.481125342480317,0.527642828471597,0.485299364297473,0.382688000498796
10,7,136.205252624718,165.987896055614,171.961299575301,172.561324751256,172.071311124834,173.297229440456,160.339631625877,178.993523442602,170.959205309735,147.527477582069,168.805448535471,174.356604771325,166.537819405816,178.197465298421,0.606347836005271,0.522479433255145,0.38091886234277,0.412920470766847,0.479849373953332,0.528593965558446,0.485171761696924,0.379141537293031
